Latitude (meters),Longitude (meters),Concentrations (mg/kg)
274.5464750754305,-348.2377857991466,1058.7515066041947
225.48707780203154,-659.4044725323611,1121.1886914392185
-155.17749221820637,740.4284791325451,306.00218088524247
-1144.4095869350554,-555.453235717855,26.71820331305549
-206.49920766814859,907.7066693848419,393.7909887458118
441.00770515070604,-644.156000724643,1219.4302047237543
266.75211359363243,-148.52230333425842,804.9511557650966
154.90412388862885,-429.9944526481552,1016.2637382826093
390.86773093711,668.7756500284261,78.46343816407162
-183.18219757020404,566.8282958405155,103.39601163739131
518.3962962114134,-555.6393303132302,1215.8499515830365
-1201.4122055734333,-1074.2109702042915,35.33500918311299
270.45767672575323,-786.793134096555,1066.7306653689584
275.7732882313189,-546.2908916066643,1203.3169617047388
-1046.1666315474695,-927.628637839933,37.841191368721326
-810.1523327096688,-1218.2529891507374,18.598710208419917
-1003.2393339371042,-1253.850622949416,29.989357338753035
-127.32027542652659,861.8036222452768,461.5474115105647
87.98357906324358,774.4288512814347,394.3942946162536
563.6539575103147,-156.790241823352,805.6690665098332
234.02873602026028,964.7062284394867,380.0392126566344
-920.4967764631446,-765.8691694906338,22.62460317687323
-1235.5620762515082,-889.095166176815,37.07133803317922
-1196.3729639760334,-497.8270538354896,16.239073775036427
534.3497075034495,-340.61262586689077,1046.2526984273413
-382.66263811064806,856.1499944910945,158.81454470408494
92.72694431898536,-390.6102412127653,921.9943798831102
13.373978949286705,1262.6059644330276,332.7817971874835
-1115.0018170828696,-1044.558154399316,36.08516514383011
-1105.6106768072761,-968.6222614513381,36.803478806827705
-914.3162833683887,-1166.298302862557,47.25068937873098
-354.860698987162,1274.500970369663,113.38355424949086
624.5628143553906,-294.8267772014019,925.5828455218451
133.46179708820108,-179.4550935783306,757.1912301001695
69.5459656551391,1498.0961916749052,81.19394980389927
81.23913779865939,900.3309006638076,549.8224434763273
140.54480137602465,-452.1754543333767,1014.2897064107835
200.56610689563402,728.8703548821717,239.4964823028216
-686.685086282961,-994.9590780081378,18.05701771462077
-1111.220246274991,-1111.7751408568615,36.62950939422621
-876.3915358699217,-876.6913717810698,37.12341523452874
-110.24661588965859,796.03735132845,410.22747031169223
292.8559325078732,-553.4184017044062,1202.7428153378519
469.4004745378764,-10.727966421385382,668.1225538368975
-835.2975543101169,-1387.0518090855164,21.083497647700543
89.07500960911412,855.043555188203,492.16980428324626
4.420411005492408,1402.344954946068,159.5797463664008
355.15080540127383,-705.535453985802,1188.8510648854653
138.49731052332962,951.2691073496818,518.1856168266738
157.04775752497386,986.6596789814909,496.0540097810337
-1127.1424489040892,-876.8158160527946,33.41799754756514
-663.3293653753362,-1336.4442550701474,23.63571601431521
-552.2141173252584,-886.280098981171,7.508118238193015
406.79641027131066,-592.8585265210211,1246.189614109818
-1628.7388249815385,-802.7433989499463,12.065480657839787
-15.859151675355976,709.3561120570105,311.4962745758039
464.09206380862213,-386.4886090503751,1132.1123277351753
-185.70940778485752,701.2828712052599,244.0614773420543
-26.10243562964582,1096.410813303746,549.8991987646807
-914.1310335164119,-865.4117136716238,39.56004732686082
-1330.6406483097016,-1225.0780095796295,7.511246258698922
445.8637763247768,-588.8552284425243,1241.3560820174232
524.2381649125895,-774.1785151568317,1092.148387618204
-948.6175014087511,-1298.9773068908771,29.45085166361293
497.9806613714732,-1008.6200650170816,812.2499190994065
283.03132417531833,1016.2044355384262,314.81165873163997
-1113.2636477894641,-738.6518567278321,23.53825883694182
-1254.952891294265,-886.3378166475565,22.710278221577965
625.1881134342394,-723.8507347721697,1056.2682951306176
-201.53324212338623,856.1457650934348,377.5878152442985
3.3430300591070883,994.2099790935993,604.5246337612992
-137.6788816512567,868.7538541023059,456.4425290365478
771.4012483192148,-168.9893584570748,680.6820413046293
99.10354902614984,864.7061073270461,496.80058376627767
-985.5447496141537,-408.82189300353133,17.75443963388788
-142.17454181732862,792.6422152768442,381.3742103395411
-1171.6728902223924,-836.8965402556778,25.063114441444693
252.9307142837473,-693.0483743846362,1136.9797579136211
-1265.5203937614467,-1287.089589779361,26.249703254707583
-952.2256730623673,-1144.0520505181107,29.090104540498547
-868.6966285191909,-1048.5262365841345,35.83044962880813
-1175.2879916121128,-948.049938500326,25.434138900788362
249.52790613093586,-165.01234608073716,813.733821215041
525.5527039722414,806.0084115147637,51.49829549166082
138.37367113338394,1074.7000370904489,479.9604681685464
-1233.9236008545572,-811.0996951018116,29.39106717202703
359.891660723955,-564.7887152560025,1239.1063870809962
-804.9938026253924,-674.5023931430025,22.255203822121544
-66.01240731639456,447.53892046345965,63.673099769830436
-1364.648791828963,-1116.2161774879003,25.262473821581654
62.33340041315565,782.9640099749419,418.14707798916555
656.001925501397,-319.36905829303856,925.6395536292631
18.56839383542839,793.2917916812168,437.93986026670467
-316.8559696849541,1439.5501038050447,58.66169776573689
-59.751395634977634,1233.1770282290454,351.45077237354633
686.8111909419621,-965.564857148106,747.8081365973559
468.6076937739772,-519.730370403114,1217.5512890802415
299.1551638969943,-667.6283061265218,1178.3698257583126
-983.2474996023955,-1092.4752632468226,36.71586610538196
478.27192533810836,-900.2672583324728,948.922222984049
178.424020933383,-924.4043053479201,838.4969413766113
772.1201182753784,-839.6049697773097,806.905439143316
747.2746922448958,-552.8268536372221,943.5882048211901
295.72090541624425,-674.2013096324735,1186.174868016602
-1002.9392254832595,-1215.3410491565996,21.355568598654514
209.35695281296276,1044.0020813772044,409.2768958905404
-849.8398365363986,-1205.7178135399076,19.457687831573082
657.6716199663454,-846.3636718586545,902.9038026876232
254.02187684390105,577.9025232584526,98.89909756368594
-117.02549377739844,896.1860349232911,497.13837805243304
246.94240377968418,-727.4392692004362,1108.3063680024095
-496.18610400957033,978.6111905169308,89.3617296931138
-720.8406994828098,-997.544065355299,21.45918935403362
-132.8758332833237,712.5093057786763,268.27682497029025
313.3681202034208,-321.7608471925805,1047.2663970446977
-981.8069060335057,-1162.5188107629067,26.84851147804261
-922.2000754027739,-1031.2343330482443,35.75731194656379
372.27647412540546,1027.761912230286,189.92637571182817
-248.93907703834955,954.318717259934,378.48739890098625
-1257.0141995346671,-884.2066203416355,24.36771760878008
94.66851417079124,898.9637246031369,520.4786273106154
646.9973529581545,-486.5766042208697,1063.4901844495491
-608.2212870564076,-1343.233930710552,19.331755963040422
775.7257670162417,-615.7800626575171,915.3844768326834
280.2676947983537,1061.0610023922911,308.2436505188685
11.645190706758477,800.571972061351,455.68653100294944
77.45245448114147,801.4645735474425,442.67780940942475
390.9676714180364,-335.2075483160349,1074.683170628026
275.8507719759107,-261.75661435546084,947.2794879416331
-58.97833538062663,934.5463432605591,575.7262648614934
292.9159760284529,-1053.4897754269273,743.1310141421316
267.4664693725669,-448.09636373867744,1132.8970568392792
81.02463889804852,901.1495281306079,546.7080428978237
342.3219044420476,-689.9569938119033,1192.5686104805275
831.4447664438853,-446.1977132959176,795.9807230209698
-138.42511933639986,1181.2938941981815,379.8569196520043
-645.3054292620361,-1124.3848523856752,24.416642797740867
-1460.5050916717698,-1006.363330107812,25.879846486283917
-945.409615695009,-686.2857389722172,40.77415861836991
151.86764786550836,1544.966285873055,72.12421703414982
197.56094015085947,1017.5963121252169,439.0148435619341
357.5326654014281,-791.5913386892289,1094.3811075092553
-1203.2304923364172,-1363.5633339246076,3.256306216916588
556.0482827100786,-623.802207307052,1174.3177221234625
-886.4229701023494,-1017.4789390376494,26.573451122015705
-236.57425112053048,1120.9711637242826,333.8455090796914
288.29134131934677,902.0619104748278,278.688619856623
391.67562702717254,-543.788464191235,1245.373724430325
-335.65621771659386,1135.112616805737,214.86838229790473
237.6658475057753,-167.77429610140427,815.5010349484886
-1049.949340085746,-1118.32022431812,31.18290489498979
-862.9862774336399,-727.4642463566563,17.081703082748056
-1036.4284228085398,-858.8038704437016,18.979458765254215
127.15300269966787,1345.976468957896,184.15842073827645
-231.58163053922505,1164.6523503996254,307.4144334908812
-215.61952112360592,1118.0606011615614,380.85355992740796
-1162.46128007343,-853.1976906781917,30.329953625219314
-1082.2514839664248,-1192.5465446131884,36.99550003750078
540.1427644782312,-686.2301017888943,1151.6187547157392
505.6034680127998,-720.4930138446267,1143.7213006565833
-929.6626064083165,-1171.4443403263283,22.46251430296256
-1017.2824291792801,-759.1521045059143,22.567232392401625
-30.700221955383967,770.6702942558978,423.7474586790793
391.6027622807292,-175.00784744747762,861.7882855592934
56.54749394605582,1185.007646532872,440.7755667056234
365.5497785447177,1129.338410484318,164.04597123631208
348.27446587081,1230.2249982604496,147.416911753053
-1339.6889780920994,-1100.9548774636862,25.90077350623576
-913.2650546779807,-630.8712240481674,20.955895579471104
406.8987575043562,-293.17155297424836,1030.4487014034296
282.5345337956267,-349.40138950342276,1057.4398030543011
-1113.9868746786294,-1156.7990158176908,33.43899380756668
541.7571593661542,-333.91114066010215,1033.6373553990402
-1168.4927425305646,-1078.6389151834644,20.548908965446614
274.11513609285436,-482.55010530529967,1160.3470380787946
554.2534623682105,-281.0033927682165,967.4289544735115
392.04952651028873,-169.30611275573096,873.2749427252671
261.84692170293425,-570.7176444851133,1186.224573822799
52.47666390010144,-1127.7134295888195,586.0365018433268
399.13539061826356,-878.0075254062103,999.8082096001569
447.0028612234436,-834.8094666276075,1061.4301264037445
-976.7013881564702,-767.5252022721066,30.479058025244864
-804.7558678312793,-1295.4074359441493,19.334511984758333
444.8240234744988,-781.2919037647974,1125.218385065724
64.9096381871613,987.9428537322073,594.9518017936922
-1194.038464694365,-1120.4216904602888,40.703156335604504
-1144.1532855805133,-1070.0064999503863,32.877466698743056
-62.30192432726515,639.2456912516545,204.5393011186997
448.7015250043119,-963.7785875993357,865.1882314347439
262.9170424521288,-462.5801324745219,1163.1926497075651
317.75497742071633,-689.1458078389899,1197.450454516104
208.70542082535843,1325.3530861131883,167.3163907819329
-1005.0163825513955,-971.8414280058923,31.87201287742586
-693.360425010778,-1141.9771333205993,35.11830443422008
140.54643030201706,-347.24331520010315,928.2623307647277
-309.59061593785293,689.1810947047322,128.36405482180828
28.870951610855727,1123.4653201740998,530.3563933782955
-1094.105956751718,-1351.2435875517085,19.056165637803016
-1385.7959762946946,-955.687873952247,21.565251783720115
-593.1946800305494,808.7451386870855,35.55602425007982
-1058.893147840689,-1180.8966794457974,32.67494990796498
431.9127217952502,-768.0289955854016,1144.6456084649863
588.5920380761996,-497.8901851716085,1132.9082360375853
-347.5402419593578,662.2086941496267,104.06628459291973
82.02143418651826,1450.2810014118127,88.58713021160773
-1296.8681706107398,-1316.9095871402262,19.392092510564705
482.25408313064906,-490.3792274030918,1202.8706341603545
-1116.487251478985,-980.3502065472825,23.337376104135515
-27.48956286062829,1297.0759148736308,271.9913824961511
-1212.1257846882718,-963.1059745730732,26.599699892563258
-648.2442954588271,-1054.1863121167685,30.08933741527958
-64.7699844704091,765.0967082122462,377.7153477707992
58.79197706609346,878.3336379109288,535.67135425278
396.0585049425395,-314.78561437245986,1054.9210932390667
-928.9311335045018,-937.3467346768266,31.215667132115478
120.22012502985137,765.3867412483478,361.81381342958366
573.2012953703764,-870.972425092135,951.3858209703313
-725.7225245163952,-819.5360721551742,34.88359938491109
569.8604645093142,-734.9920262146243,1093.1182409583075
-784.0960298960198,-926.2481149896138,23.133307666318558
193.99413275650878,-431.9256289418421,1061.9927333015066
503.1083725918206,-550.1549550808534,1220.040866352477
106.68932586593311,-428.8803767586269,961.1528575841758
-976.0836723789661,-1120.8341569878878,23.933371646377473
-488.07199008249603,-1468.5010718854005,16.25838336800448
779.0973149753709,-725.4864065167844,864.1509614093638
62.19719326772291,-786.67600502181,880.2208114627357
-411.15228698181056,1324.929369799699,83.48841172873635
-547.3153837094728,-958.1013249203586,12.515519553407621
-933.5942081607953,-801.4760202313543,27.49744678014856
47.540342584285185,965.3535011382537,586.9875249523136
-874.7340242519446,-928.7236784240353,27.5484683045971
-1185.4780514890174,-1056.836465617602,32.57626767051771
-768.7897289813628,-900.9325775352405,37.293523216856244
-1354.8452776881825,-1172.7626100147302,15.370835177648289
390.5067630744028,-436.4398326305701,1185.1787598046164
-972.7558371397004,-841.0886381149488,14.628649862848459
558.0506254414793,-117.5509106960761,760.5456545517892
-15.04298334556125,1229.2341569202972,371.9312608457434
586.9804751080383,1031.0130836740545,39.632289433620315
-949.8727371988587,-1470.320829731146,11.595765158937983
-156.15421658923847,883.089907896473,456.85922299164656
-1777.9041616165773,-1245.8530339202296,1.0802583292412642
596.9157234873674,-478.25423253424856,1102.706912145638
-740.0677016379335,-747.0875075116232,39.80760782160951
551.777857373325,-366.5869320895848,1055.8388320281547
-958.4365777957164,-907.523828865079,24.95288951747098
-1220.6618162161128,-628.0157427957905,34.943051626936736
-108.01571315501847,1149.4839837633997,475.98541974921164
-26.958731925799157,946.9672961120265,592.8491481811126
293.0793948638148,-251.1877254917518,944.3315436396733
-1163.2059331788378,-944.259112681359,33.902073472373374
68.96338527651346,-775.4232095860606,889.7455334296296
23.83975330301421,1180.3329096092293,443.29094668725264
-1130.6518538860437,-973.3785784696321,30.637857922423322
74.61781574352109,1354.0854920678926,202.05286570428927
-996.8795459493024,-651.1518214822439,26.95036013418718
-198.11932723020277,922.8673980032817,426.1246773663318
-647.2527943059772,986.9692320357251,30.24624228064467
291.4464833802216,-1181.7310383909496,606.3351754385199
-859.1542974879351,-474.2906498056052,15.472557695493997
-509.7349738343536,873.8187947966173,70.17249491957358
647.6426894724724,-956.5344895288731,797.949408468236
-1063.5176399771094,-347.1594000184915,11.454689553670633
-1187.9807901606969,-1077.294763889362,33.38415924833
-1038.7085707998422,-903.0277943645109,41.76400677790999
-619.3559641251156,-1297.0757197184437,19.67297832978949
731.7181578490065,-444.3096269784858,937.5628684434602
-189.71386930687487,1113.152405712639,404.32868533792674
-939.8817159169896,-916.8524297207258,33.670047891365115
-167.93412191822054,1051.3551785762133,467.8667414384439
-654.0944106241323,-1344.6069162830654,20.812746963078848
-922.2198473452491,-1092.419747299916,31.95926576038853
269.21941916585206,-504.20733255550306,1193.6544558885796
-984.572795417089,-1258.6587467030333,39.380443873563365
360.5656925030467,1017.782747300746,207.518142306641
115.44221561681115,1053.7321658269916,522.1631663527086
-182.19183877288748,1036.0945087542898,451.8366536572373
-64.53328573315933,734.433781901999,353.0273293080461
-1213.4834631101257,-1195.7944683917053,27.616484427787334
-1112.6738526243885,-869.7855895393685,35.16054335416846
-801.9000762428728,-804.7576873598467,12.573083467313916
600.1413170917369,-489.79678098517525,1124.0855569013147
-695.9413241952107,-1169.8406717485075,26.603815068231192
165.79041928544015,-347.12596881411855,954.1742825812197
147.40000801042206,1181.8018504113531,370.26453586995075
17.17589693265419,885.362212776372,560.2760786527837
-1198.9588026212975,-1134.4434496472727,28.280151076489094
536.744147255729,-492.54994559584446,1174.1456230194808
53.78219563450002,1003.0221761876307,596.9088173075834
601.7544517572939,-756.6297550325738,1044.408946738414
-979.1087036228388,-1071.7617641118081,35.23465787184162
23.44226365171961,814.477651874688,482.47472445372745
-80.58832782963077,1400.5651660694543,126.7719046760743
-64.65764026669386,1172.210141391031,448.94949431395275
-1302.6121490404107,-779.7131327068538,23.71018862172903
346.96859828088066,-593.5473986413126,1239.757174424125
-283.982043039786,510.5842773375759,52.92824753689686
-385.54711686181736,1048.8312726081335,164.33310949105822
124.64316341788135,1367.8573391206187,169.036375914812
699.060446199431,-1097.6136557779557,647.2531761580661
73.63452616481938,-420.89914415346703,901.3259681885233
170.78757074133355,730.0858979589113,278.2074726854935
-4.443152638173583,930.7219266591668,594.0074637699756
-976.7209684017477,-857.1623138951408,31.923063712553194
247.02708944643578,-314.63603253418756,990.7663784879329
404.9139924174155,1211.593541667868,105.02953747955405
283.06562897310886,887.3978434948709,294.4654059376065
130.54671482504835,-508.22166091582784,1031.5769698612874
1006.4637822096693,-727.4085055008769,630.5051767870164
-171.08298784251946,1025.5432546460552,488.7612331776145
-448.99006104620537,915.6367638300859,120.05272830272548
172.14426668033366,31.77169556097379,607.5768238125322
701.381470137645,-814.705752532681,895.1660758989137
461.4471362353301,-364.1541638530767,1117.4893963119077
340.67742819505673,-763.6762195194716,1125.692659721269
33.87395897806269,-766.0579367714987,841.1686853093761
-1075.6646187136828,-817.8473870816159,24.751244274175004
636.2373756343801,-651.3573226141222,1086.407629455322
-1052.2434887745328,-736.2935555230744,17.666881520402768
200.2346624549851,-486.860266467263,1109.1132446596025
-780.3034917515023,-921.0997336816756,26.938714348139037
-1158.828751544413,-795.4159996489062,36.857739518245566
430.74505957858946,-763.4523977939714,1144.490565790764
-850.2112439074829,-849.1970777765728,44.121504577896644
378.4634333710656,-254.37186829212655,982.4314470036439
-172.42661310058466,948.7726835891566,462.8579909392743
-771.0395767616315,-843.6660996866085,25.980457143679853
-1190.2049772238481,-1027.5367459520558,20.806768144056203
-489.1498884426849,758.059285379823,59.033172428417785
-1237.7287180313651,-1135.9114551046653,38.404566199998
382.3647903934553,877.3082376565156,168.14331165114302
-880.7886032773041,-1033.1834322810844,27.171805916487344
-197.33289493594356,1058.484930758059,421.9969242688863
447.16508072835285,-429.83909817875707,1180.746782356852
20.78154899349598,962.637463505901,598.3430151435072
-1060.6163563343584,-1299.467963671564,19.304023817349506
-57.347531247938335,782.1847211100165,418.63250221032973
159.00621597950374,-784.2714156249908,979.3047632599469
153.26219010656973,601.2351850554497,150.15758144239385
388.1287096834161,-438.0433218800151,1173.1613934256836
-1285.9128393286358,-842.4271339278808,26.715742623267115
241.51027421146574,861.5459513144444,324.8241126793451
-485.45341856192186,-847.8594346436773,20.72241639443314
228.10172116465205,861.5431226410232,354.7663177668212
-1217.9257781250906,-1338.9528883204698,4.279003329696874
78.46256970339903,947.4158730858726,567.7298206704439
99.2243767736882,1450.430995013936,107.13353442054012
760.8155924241162,-389.4330502618389,854.2010671623717
-722.0533903599837,-810.0009534488954,35.63188260377607
-400.65726746912924,1130.4064461711844,146.12634320565763
-25.687286389093877,751.5418426193502,385.55591528693833
-1241.4441715599285,-1291.4052670690558,17.137737686225343
383.1602292499247,-998.6306240438379,837.9757499273583
-752.5601146009718,-776.4927714121123,32.55304389126463
570.6303923688379,-493.3768052433504,1149.638397312999
-932.5619517435921,-1149.4478847569426,32.96238544372411
443.7494627868828,1270.375607091462,70.99237837478006
377.1290722271315,-533.0348338151186,1235.1273411031864
-893.4833372449052,-814.0878271769592,28.363258435108026
458.5121713050877,-735.3788713768148,1159.3700431006073
471.5340318999334,1008.4632524732149,102.89736670732937
250.04354135303709,-593.7381479493998,1181.1779450551276
389.0593560746805,-541.598532162554,1237.331030443571
-406.19151113155664,1367.0920766705474,56.68889522227032
342.1033461144808,-515.5067048365687,1237.9943154979755
390.3620918453576,-943.3860245083316,900.9753039977908
-55.424287250082706,1167.0895275552205,455.3399804887859
265.85875665481876,-509.469149984515,1177.8416497468347
-844.5547508558338,-634.4728344620739,28.24909510064724
-61.194532181005265,1360.9583172598452,192.12544372680725
459.85208409058123,-221.41121285676616,937.5830434003558
249.0095866218958,877.5960642748607,331.5370506713173
554.9162034738581,-80.81886640668961,728.3004961970723
738.931394029257,1268.6979787442986,22.01580002826522
-986.0299075729599,-1274.3128714793495,44.69191714046448
-1413.980279803128,-1134.9490070178333,18.213012991242117
209.06992882360615,921.7543522797181,388.9159458974339
-99.6630578920933,-192.85047161039088,618.9088787999846
-123.32806016080644,745.7887547466516,325.8220698299807
-822.7680208011016,-958.871612514407,31.568546723460678
-977.9774136314794,-1477.016539504214,28.971558197819895
-802.5892210952346,-1293.0024759930454,9.837816200953217
-363.6458549276525,1328.0498241866858,77.09374915035954
250.44627365805655,-733.3145085984611,1090.0358061399172
-156.4406658725182,1011.3756811159394,495.709292022846
-576.2909823325367,-902.8043893693706,23.499841754030776
-1.9134339159881693,1355.1865933336062,208.37550503676965
5.8824418221462516,1119.519589898908,536.19038298719
-41.80981551959482,-907.0984720165683,662.6319957789893
439.94852997113344,-481.8116966380442,1201.0287443970228
199.28059597061895,794.5398817818718,316.93843799641576
19.863322363426406,-417.5004825253686,840.5044275212509
-236.23275401432284,-338.0383555386092,572.2257342392517
-1372.1592234558718,-983.5448860465535,27.811791672964347
-127.26182840938579,809.7105202570374,411.03946797124775
92.69695540089207,-178.84939632375253,740.0952185218375
-989.0627584230847,-1156.384083425396,33.19100141661119
-210.1483808123417,668.1280645685594,186.83665751355795
-876.3885552865485,-75.34444224286699,9.398339466519804
-1107.163588496085,-794.4642893623667,27.343391075641946
205.83830956848465,961.6147528087774,424.71546368021353
-998.7727704058093,-1056.3009120100353,40.95974516544538
-820.6495347704172,-853.5111362959684,25.514689739447057
-1318.7646517356234,-952.7533033914103,28.517651683313673
1014.4202891845108,-623.0543759339159,622.6423934589436
404.4241439356943,-516.580390713199,1238.6234467319603
-408.8117854452371,986.6685522648115,165.1188418178673
-620.988924278226,-815.8156650033019,4.535310193365623
43.64790121403884,1059.5729407120807,569.6112585328146
453.31210519209105,-714.8996691992346,1168.5504916934615
-1110.553305030349,-746.2906657074603,8.035133358047467
-836.3312868892086,-1074.4640215824295,25.15367257786102
154.8902279004354,1328.4715738077637,200.40121725872928
621.7664846096562,-644.3765127463173,1095.7386214916405
159.61119762522026,-667.4640702926291,1053.827590097995
-7.860784851839613,869.5780549278965,552.0296571110742
442.64824022398096,-920.4826460904244,947.045136101671
26.40899835426311,-454.5576116770465,868.9343624100958
-368.1874009765493,1306.6424372556423,104.95000391125566
-1053.6310684782043,-828.6398814178979,31.818821558584517
-913.2073539885678,-1154.8287411052297,23.835044448100437
689.5621519620056,-796.0645610369367,915.7368477903971
1.2584879323639597,1011.2753425035381,600.8334202445387
951.73554966862,-687.0812545055181,667.8783450325271
-1222.46331317874,-1014.2860854548321,25.976763382924023
-1008.3308247292583,-1280.4827290286876,32.22645795387624
473.8724245340942,-1010.4404142375902,823.6402944358246
451.68587915400803,1322.9008110771947,42.21058432012658
230.9575142697378,-938.0307111272543,863.3025896078686
-1008.5982493863885,-624.4855226046385,14.040563326201596
-804.9130914786496,-848.8890779383331,31.75268550202873
494.5795019716769,1421.281802186369,27.943111153798174
423.068986465836,-710.9460692892102,1174.9184450684415
-721.937061038223,-1196.9637564044103,30.68104174460501
-106.63038241826676,1090.5521183307644,511.1660666141431
67.19247031675687,729.8826286483896,329.5252399800216
199.05733948403739,469.32752583810753,46.280820479058214
165.634558010667,903.7070867473993,449.00917008545133
26.25475070517429,1174.183989735686,462.8701565127869
-1486.0342207978256,-955.2509644553373,16.94906106194464
92.17570774543374,992.1532604574177,572.3803721745426
491.2474842414312,-453.4594211318824,1185.3015759652308
-113.04919334839747,1055.6919849658327,546.0048401982299
450.64419212862845,-623.2111468488941,1232.7351679314954
394.7922512403081,940.2313505064692,151.9519334448749
-938.1879062265366,-1017.8670197838802,42.87492575608429
-1141.4475416666107,-796.0954967149542,25.35129071532012
-878.8030530446904,-792.2187533991709,37.26311775193125
-181.5241788682328,658.6591096965583,192.8735417637236
181.67726799488443,778.6803221973698,316.34036539791157
-917.5316105035693,-1423.129637287056,22.594139965732857
465.17892092688965,-906.4196581968743,966.9633969528787
326.1332236112798,-547.4039213606547,1243.9407957131386
-1018.5044102593849,-918.1235260440054,34.71968685079721
-983.7932308748982,-1341.9395646912296,24.34579491147698
-1276.2384585813527,-909.8324755970386,34.453226765971884
76.43549869462886,-421.6166174345484,910.7690183201406
516.7637898027735,815.8365849068682,61.84251127106316
114.95515817913405,1080.0789052688676,510.93725309310196
-490.68251271696806,-752.2083374677247,19.42356679250477
-1056.1968099336007,-1056.1928696678033,27.291001472326165
843.1928790514398,-856.8203439182766,701.3576692381104
419.7481574261018,-344.2847099843157,1078.7732429814985
-1027.7555877731777,-1072.2648869414293,25.02371967507141
-237.5051568620594,969.8111391760845,381.9697525735029
167.9257256489889,-611.4507254740752,1078.6915709594907
549.2343909321272,-976.8539327737095,843.9381950997756
79.755362875102,820.3632312264272,463.63746678493374
99.63053819429342,-253.49649502241775,801.6066844744648
450.0118739074126,-1090.0163684218296,719.6696297551374
-941.9290548241518,-1459.1872587178716,15.621486823215543
675.8255983085622,-768.762342030213,956.2019348510655
222.28261140759395,1458.2599937128314,74.34084238657792
-444.4819439983579,-1448.1436462220195,20.389195461746123
380.2837171857835,-331.84900041884936,1076.206913195146
-802.7055616013223,-544.7696841630527,26.923708868160595
-242.9050500624402,602.8343987522154,104.54308373164582
542.3443019124121,-674.2911454353576,1161.3282246677286
-4.563889896645319,759.3929524869259,413.10414854584724
617.6063527799664,1014.2124241634772,37.90686260257719
-390.610185091959,1011.5403871987317,188.51893538521335
-256.22890305182267,965.8289235948896,357.57026783111456
799.7138666710183,-356.5511843956487,805.4137911344683
-1052.721253081003,-914.292982837181,33.292198064518644
77.33187735177354,-820.4764671562076,849.792233982302
-313.0726801211648,1160.721411719209,211.1434391945442
427.4146356788895,-563.9275772491493,1251.6582311302316
-937.6281293803784,-812.3625107734455,23.49079686776467
-159.0297021470032,1136.9436804623583,423.4087276940421
-1243.0794688802616,-924.5806401771343,36.19778225970067
382.1359770159889,-451.0386965878373,1203.8539328234026
-1288.0711376933864,-1080.2802966018276,22.950107544252724
488.4815941294963,-694.4013149585666,1186.4866757500788
-37.92189565895746,897.5485432126192,563.2277427062163
545.8951623319693,-555.213810442474,1195.063431945524
312.7330690686746,-613.6669496930562,1202.3329841592426
-426.89285973702687,1359.050634757404,51.07049980709523
740.9210195175651,-736.9791104998743,887.7230557994798
253.2357272819324,-937.5986632435734,861.1514310007738
