student_id,course_type,study_hours_per_week,sleep_hours_per_night,attendance_percent,practice_tests_completed,exam_score_percent
S001,Biology,11.2,5.9,71.5,1,85.1
S002,Mathematics,5.8,7.2,80.9,6,92.0
S003,Programming,13.0,7.2,60.9,5,100.0
S004,Programming,13.8,8.5,64.4,3,100.0
S005,Biology,2.2,7.9,100.0,1,84.4
S006,Programming,4.8,7.4,66.6,4,92.8
S007,Mathematics,10.5,8.6,68.8,3,95.9
S008,Programming,8.7,5.7,100.0,4,98.9
S009,Biology,9.9,6.3,100.0,3,87.7
S010,Programming,6.6,6.0,67.9,1,75.3
S011,Programming,13.5,6.6,77.6,1,100.0
S012,Biology,13.1,5.5,86.1,4,100.0
S013,Biology,10.3,7.7,100.0,0,92.6
S014,Programming,14.5,6.8,70.2,1,100.0
S015,Mathematics,11.9,5.4,79.1,3,97.5
S016,Mathematics,6.6,5.9,91.3,5,99.3
S017,Biology,11.5,7.3,87.2,1,95.0
S018,Programming,6.2,7.9,77.5,4,85.0
S019,Mathematics,13.5,9.2,80.4,2,100.0
S020,Mathematics,9.8,10.0,65.5,3,73.0
S021,Mathematics,9.3,7.5,79.1,1,89.1
S022,Biology,7.3,5.9,78.8,3,59.2
S023,Mathematics,14.9,4.7,84.8,4,91.3
S024,Programming,9.4,7.3,75.3,3,93.8
S025,Biology,8.3,6.1,87.7,4,95.0
S026,Biology,8.6,6.5,94.2,3,83.8
S027,Biology,12.1,6.3,83.9,1,87.1
S028,Programming,11.5,6.8,86.2,4,100.0
S029,Programming,11.7,8.2,82.6,3,95.2
S030,Mathematics,11.7,7.2,82.0,0,100.0
S031,Programming,18.6,6.8,73.3,2,100.0
S032,Biology,8.4,5.9,85.8,5,96.4
S033,Programming,8.0,5.2,80.8,4,99.3
S034,Mathematics,6.7,6.5,100.0,7,100.0
S035,Biology,12.5,6.9,100.0,2,92.8
S036,Programming,14.5,8.9,86.6,2,100.0
S037,Programming,9.5,7.1,72.8,2,87.5
S038,Mathematics,6.6,8.1,68.7,2,72.3
S039,Mathematics,6.7,6.5,96.3,3,86.3
S040,Programming,12.6,5.7,85.2,2,89.8
S041,Mathematics,13.0,5.9,87.8,6,100.0
S042,Biology,12.2,6.2,61.1,1,87.3
S043,Mathematics,7.3,9.3,93.1,2,88.7
S044,Programming,10.9,6.1,87.5,6,100.0
S045,Programming,10.5,7.9,68.7,2,91.6
S046,Programming,10.9,6.0,76.3,3,96.5
S047,Programming,13.5,8.0,85.2,2,93.4
S048,Programming,10.9,7.4,82.6,2,86.0
S049,Mathematics,12.7,6.8,78.5,2,100.0
S050,Programming,10.3,7.0,80.8,5,95.4
S051,Biology,11.2,6.3,79.0,1,78.9
S052,Programming,12.5,7.5,83.8,5,100.0
S053,Programming,4.2,6.5,99.7,5,91.6
S054,Biology,8.7,5.7,51.2,2,68.2
S055,Biology,8.1,5.6,79.2,3,87.8
S056,Programming,7.4,7.2,84.1,1,88.3
S057,Programming,8.9,8.7,85.6,4,99.1
S058,Programming,16.0,7.2,77.5,5,100.0
S059,Mathematics,6.5,6.9,60.9,6,78.3
S060,Mathematics,13.9,7.3,85.9,6,100.0
S061,Programming,3.3,8.4,100.0,3,82.2
S062,Programming,8.7,7.2,63.6,0,75.5
S063,Mathematics,10.7,6.5,92.4,7,100.0
S064,Biology,12.3,8.2,78.1,4,100.0
S065,Mathematics,12.8,7.5,81.3,1,100.0
S066,Mathematics,13.2,8.7,69.4,3,100.0
S067,Programming,8.6,7.2,78.0,3,88.6
S068,Programming,8.2,5.7,97.6,3,92.9
S069,Programming,13.4,5.5,89.0,2,100.0
S070,Biology,9.2,8.8,100.0,4,100.0
S071,Biology,4.9,8.9,96.1,4,91.2
S072,Biology,5.5,6.8,87.3,2,87.2
S073,Biology,6.3,6.6,100.0,1,82.9
S074,Biology,12.0,8.6,87.3,5,100.0
S075,Biology,10.6,5.8,91.9,6,99.3
S076,Programming,12.8,6.0,78.4,1,96.3
S077,Programming,8.3,7.7,82.8,1,85.5
S078,Programming,10.6,6.6,73.6,0,86.8
S079,Mathematics,12.5,7.0,93.9,3,100.0
S080,Programming,8.8,6.8,67.9,5,89.3
S081,Biology,11.8,7.4,91.4,5,100.0
S082,Mathematics,7.4,8.5,79.7,2,89.2
S083,Mathematics,8.5,7.1,96.1,2,81.9
S084,Programming,8.5,7.7,91.0,6,100.0
S085,Programming,5.2,4.7,100.0,5,84.6
S086,Programming,11.9,6.9,90.8,4,90.1
S087,Biology,8.1,6.1,63.1,2,73.6
S088,Mathematics,10.0,5.7,81.2,1,78.8
S089,Mathematics,11.9,6.0,67.9,3,93.1
S090,Programming,11.8,6.6,75.8,1,88.1
S091,Programming,12.7,8.0,100.0,1,97.0
S092,Programming,9.6,5.5,89.7,2,93.5
S093,Biology,8.3,7.0,73.6,1,84.9
S094,Biology,9.7,6.5,69.8,2,88.6
S095,Programming,3.3,6.6,82.4,3,80.6
S096,Biology,4.2,8.1,67.4,4,85.6
S097,Programming,4.7,7.6,73.9,3,65.8
S098,Biology,6.0,8.5,85.7,1,79.7
S099,Programming,11.6,6.8,95.9,2,81.6
S100,Programming,6.4,6.2,89.3,0,78.3
S101,Biology,8.5,6.8,54.5,2,80.8
S102,Programming,15.2,7.3,85.7,1,100.0
S103,Programming,8.6,7.2,82.9,2,96.2
S104,Programming,13.0,5.8,87.0,3,100.0
S105,Programming,6.3,7.1,100.0,5,90.4
S106,Mathematics,9.2,7.3,57.2,6,97.1
S107,Biology,6.2,9.8,74.9,3,83.6
S108,Biology,8.6,9.1,89.1,1,89.7
S109,Programming,13.4,6.1,63.0,0,94.3
S110,Mathematics,3.1,6.7,99.7,1,72.4
S111,Programming,11.7,5.4,86.4,4,100.0
S112,Programming,11.0,6.4,92.2,3,100.0
S113,Programming,7.6,7.3,75.1,4,82.6
S114,Biology,4.2,8.3,91.8,0,83.8
S115,Biology,10.3,6.2,94.8,5,100.0
S116,Biology,7.9,6.3,84.8,2,86.1
S117,Mathematics,10.9,4.6,84.8,4,89.3
S118,Mathematics,10.1,6.8,85.2,3,87.7
S119,Mathematics,16.4,5.8,71.6,5,100.0
S120,Mathematics,9.0,6.4,80.2,4,96.0
